clock,subject,batch1,batch2,signed,absdiff,pair_mean
Horvath1,indiv_01,56.1951,56.3457,-0.1506,0.1506,56.2704
Horvath1,indiv_02,47.4472,47.8226,-0.3754,0.3754,47.6349
Horvath1,indiv_03,48.2314,45.8139,2.4175,2.4175,47.0226
Horvath1,indiv_04,51.5255,54.5972,-3.0717,3.0717,53.0614
Horvath1,indiv_05,45.0441,49.6405,-4.5964,4.5964,47.3423
Horvath1,indiv_06,54.7891,55.5201,-0.7311,0.7311,55.1546
Horvath1,indiv_07,63.7677,63.1666,0.601,0.601,63.4671
Horvath1,indiv_08,49.7245,51.8067,-2.0822,2.0822,50.7656
Horvath1,indiv_09,60.6553,66.1071,-5.4518,5.4518,63.3812
Horvath1,indiv_10,40.9051,39.2615,1.6436,1.6436,40.0833
Horvath1,indiv_11,60.1549,58.8143,1.3406,1.3406,59.4846
Horvath1,indiv_12,54.7211,51.8139,2.9073,2.9073,53.2675
Horvath1,indiv_13,65.2945,63.6685,1.626,1.626,64.4815
Horvath1,indiv_14,51.5903,53.1758,-1.5855,1.5855,52.3831
Horvath1,indiv_15,52.6987,54.3912,-1.6925,1.6925,53.5449
Horvath1,indiv_16,42.1679,42.1733,-0.0054,0.0054,42.1706
Horvath1,indiv_17,43.8851,46.3439,-2.4587,2.4587,45.1145
Horvath1,indiv_18,43.5111,40.1863,3.3248,3.3248,41.8487
Horvath1,indiv_19,62.9231,58.6148,4.3083,4.3083,60.769
Horvath1,indiv_20,55.1358,53.5303,1.6055,1.6055,54.3331
Horvath1,indiv_21,47.6333,45.8085,1.8247,1.8247,46.7209
Horvath1,indiv_22,47.159,49.805,-2.6461,2.6461,48.482
Horvath1,indiv_23,47.9977,51.5863,-3.5885,3.5885,49.792
Horvath1,indiv_24,51.7059,56.2328,-4.5268,4.5268,53.9693
Horvath1,indiv_25,65.5394,67.075,-1.5356,1.5356,66.3072
Horvath1,indiv_26,38.3617,39.0186,-0.6569,0.6569,38.6901
Horvath1,indiv_27,67.5116,65.4205,2.0911,2.0911,66.4661
Horvath1,indiv_28,50.5868,53.0816,-2.4948,2.4948,51.8342
Horvath1,indiv_29,60.7898,59.4506,1.3392,1.3392,60.1202
Horvath1,indiv_30,66.1331,70.5566,-4.4235,4.4235,68.3448
Horvath1,indiv_31,62.535,64.2411,-1.7061,1.7061,63.388
Horvath1,indiv_32,58.5152,55.2417,3.2735,3.2735,56.8785
Horvath1,indiv_33,52.2656,50.1955,2.07,2.07,51.2305
Horvath1,indiv_34,48.3518,48.9047,-0.553,0.553,48.6283
Horvath1,indiv_35,61.2824,55.8789,5.4035,5.4035,58.5807
Horvath1,indiv_36,67.2365,64.3025,2.9339,2.9339,65.7695
PCHorvath1,indiv_01,57.3674,58.3705,-1.003,1.003,57.8689
PCHorvath1,indiv_02,52.6879,51.6852,1.0027,1.0027,52.1866
PCHorvath1,indiv_03,49.9166,49.8598,0.0568,0.0568,49.8882
PCHorvath1,indiv_04,50.5447,50.2335,0.3112,0.3112,50.3891
PCHorvath1,indiv_05,48.5085,48.5119,-0.0034,0.0034,48.5102
PCHorvath1,indiv_06,54.4064,55.8903,-1.4839,1.4839,55.1484
PCHorvath1,indiv_07,64.5691,62.4045,2.1646,2.1646,63.4868
PCHorvath1,indiv_08,55.1085,54.337,0.7716,0.7716,54.7227
PCHorvath1,indiv_09,62.5678,61.6807,0.8872,0.8872,62.1243
PCHorvath1,indiv_10,43.6396,43.6586,-0.019,0.019,43.6491
PCHorvath1,indiv_11,63.4681,63.4583,0.0098,0.0098,63.4632
PCHorvath1,indiv_12,55.9672,55.6452,0.322,0.322,55.8062
PCHorvath1,indiv_13,73.3206,73.5835,-0.2629,0.2629,73.452
PCHorvath1,indiv_14,51.9148,54.6035,-2.6886,2.6886,53.2591
PCHorvath1,indiv_15,56.4976,58.2054,-1.7079,1.7079,57.3515
PCHorvath1,indiv_16,46.4647,46.4501,0.0146,0.0146,46.4574
PCHorvath1,indiv_17,47.0396,48.2825,-1.2428,1.2428,47.6611
PCHorvath1,indiv_18,49.0105,48.4068,0.6037,0.6037,48.7087
PCHorvath1,indiv_19,59.8493,58.8983,0.9509,0.9509,59.3738
PCHorvath1,indiv_20,57.7621,56.3297,1.4324,1.4324,57.0459
PCHorvath1,indiv_21,54.0761,55.1553,-1.0791,1.0791,54.6157
PCHorvath1,indiv_22,53.1485,53.3339,-0.1854,0.1854,53.2412
PCHorvath1,indiv_23,54.3766,55.1,-0.7234,0.7234,54.7383
PCHorvath1,indiv_24,55.5173,55.313,0.2043,0.2043,55.4151
PCHorvath1,indiv_25,64.5813,64.6196,-0.0382,0.0382,64.6005
PCHorvath1,indiv_26,45.7748,46.8428,-1.0681,1.0681,46.3088
PCHorvath1,indiv_27,67.0371,66.8782,0.1589,0.1589,66.9577
PCHorvath1,indiv_28,52.8961,53.2573,-0.3612,0.3612,53.0767
PCHorvath1,indiv_29,62.6907,61.8151,0.8756,0.8756,62.2529
PCHorvath1,indiv_30,67.7393,66.3391,1.4002,1.4002,67.0392
PCHorvath1,indiv_31,63.7842,62.3438,1.4404,1.4404,63.064
PCHorvath1,indiv_32,54.1303,54.183,-0.0528,0.0528,54.1567
PCHorvath1,indiv_33,57.39,56.5183,0.8717,0.8717,56.9542
PCHorvath1,indiv_34,49.5929,49.2315,0.3614,0.3614,49.4122
PCHorvath1,indiv_35,66.179,65.1258,1.0532,1.0532,65.6524
PCHorvath1,indiv_36,65.3402,65.0009,0.3393,0.3393,65.1706
Hannum,indiv_01,62.3342,63.5236,-1.1894,1.1894,62.9289
Hannum,indiv_02,53.9014,52.3935,1.5079,1.5079,53.1474
Hannum,indiv_03,53.5973,53.4098,0.1875,0.1875,53.5036
Hannum,indiv_04,59.5377,58.5156,1.022,1.022,59.0266
Hannum,indiv_05,58.8011,60.5651,-1.764,1.764,59.6831
Hannum,indiv_06,64.3116,63.5546,0.757,0.757,63.9331
Hannum,indiv_07,69.5819,70.2509,-0.669,0.669,69.9164
Hannum,indiv_08,61.6118,59.6611,1.9507,1.9507,60.6364
Hannum,indiv_09,72.3054,67.7437,4.5617,4.5617,70.0246
Hannum,indiv_10,51.031,51.1145,-0.0835,0.0835,51.0728
Hannum,indiv_11,64.2323,60.1555,4.0768,4.0768,62.1939
Hannum,indiv_12,55.0577,54.874,0.1837,0.1837,54.9658
Hannum,indiv_13,77.5357,80.3715,-2.8358,2.8358,78.9536
Hannum,indiv_14,60.1621,60.4724,-0.3103,0.3103,60.3172
Hannum,indiv_15,63.9769,63.8017,0.1752,0.1752,63.8893
Hannum,indiv_16,49.3807,48.6866,0.6941,0.6941,49.0337
Hannum,indiv_17,48.3629,49.2405,-0.8776,0.8776,48.8017
Hannum,indiv_18,53.8137,53.9366,-0.1229,0.1229,53.8751
Hannum,indiv_19,70.8655,68.1645,2.701,2.701,69.515
Hannum,indiv_20,58.9866,58.8695,0.1172,0.1172,58.9281
Hannum,indiv_21,52.8929,55.1683,-2.2754,2.2754,54.0306
Hannum,indiv_22,61.2764,60.9808,0.2955,0.2955,61.1286
Hannum,indiv_23,58.9686,61.9052,-2.9365,2.9365,60.4369
Hannum,indiv_24,64.2655,64.188,0.0775,0.0775,64.2267
Hannum,indiv_25,71.7883,72.6513,-0.863,0.863,72.2198
Hannum,indiv_26,46.0348,46.618,-0.5832,0.5832,46.3264
Hannum,indiv_27,73.9815,70.4654,3.5161,3.5161,72.2234
Hannum,indiv_28,58.6193,55.093,3.5263,3.5263,56.8562
Hannum,indiv_29,63.3557,64.4377,-1.0819,1.0819,63.8967
Hannum,indiv_30,78.2206,77.7093,0.5114,0.5114,77.965
Hannum,indiv_31,71.8217,72.3081,-0.4865,0.4865,72.0649
Hannum,indiv_32,69.0596,69.1074,-0.0479,0.0479,69.0835
Hannum,indiv_33,63.2018,61.4102,1.7916,1.7916,62.306
Hannum,indiv_34,54.4146,55.0478,-0.6332,0.6332,54.7312
Hannum,indiv_35,83.5565,81.6639,1.8926,1.8926,82.6102
Hannum,indiv_36,67.9657,70.5486,-2.5829,2.5829,69.2572
PCHannum,indiv_01,63.1233,63.1407,-0.0174,0.0174,63.132
PCHannum,indiv_02,55.6039,55.512,0.0919,0.0919,55.558
PCHannum,indiv_03,54.8891,55.1547,-0.2656,0.2656,55.0219
PCHannum,indiv_04,55.4764,55.3008,0.1756,0.1756,55.3886
PCHannum,indiv_05,58.3174,58.7598,-0.4424,0.4424,58.5386
PCHannum,indiv_06,62.326,62.5226,-0.1967,0.1967,62.4243
PCHannum,indiv_07,68.4892,67.6257,0.8636,0.8636,68.0575
PCHannum,indiv_08,58.8602,58.5202,0.34,0.34,58.6902
PCHannum,indiv_09,65.5486,65.159,0.3896,0.3896,65.3538
PCHannum,indiv_10,47.1978,47.5799,-0.3821,0.3821,47.3889
PCHannum,indiv_11,68.0149,68.6202,-0.6052,0.6052,68.3175
PCHannum,indiv_12,59.9519,60.0165,-0.0646,0.0646,59.9842
PCHannum,indiv_13,82.1111,83.2378,-1.1267,1.1267,82.6745
PCHannum,indiv_14,57.6183,60.0992,-2.4809,2.4809,58.8588
PCHannum,indiv_15,63.1693,64.0259,-0.8566,0.8566,63.5976
PCHannum,indiv_16,51.8794,52.2725,-0.3932,0.3932,52.076
PCHannum,indiv_17,51.0361,51.8881,-0.852,0.852,51.4621
PCHannum,indiv_18,56.0209,55.9459,0.075,0.075,55.9834
PCHannum,indiv_19,66.6853,65.955,0.7303,0.7303,66.3201
PCHannum,indiv_20,58.2811,58.8343,-0.5531,0.5531,58.5577
PCHannum,indiv_21,57.9529,58.5616,-0.6087,0.6087,58.2572
PCHannum,indiv_22,59.9626,60.9878,-1.0253,1.0253,60.4752
PCHannum,indiv_23,60.6632,60.8755,-0.2123,0.2123,60.7694
PCHannum,indiv_24,62.9448,62.0779,0.8669,0.8669,62.5113
PCHannum,indiv_25,69.7108,70.1733,-0.4625,0.4625,69.942
PCHannum,indiv_26,48.8882,47.92,0.9683,0.9683,48.4041
PCHannum,indiv_27,72.7489,72.0711,0.6778,0.6778,72.41
PCHannum,indiv_28,55.6401,55.8613,-0.2212,0.2212,55.7507
PCHannum,indiv_29,65.1642,66.1442,-0.98,0.98,65.6542
PCHannum,indiv_30,70.7847,71.7954,-1.0107,1.0107,71.29
PCHannum,indiv_31,69.8311,69.8708,-0.0396,0.0396,69.851
PCHannum,indiv_32,62.4967,62.5425,-0.0458,0.0458,62.5196
PCHannum,indiv_33,60.5988,60.6377,-0.0388,0.0388,60.6182
PCHannum,indiv_34,56.1502,55.9392,0.211,0.211,56.0447
PCHannum,indiv_35,74.6506,74.8057,-0.1551,0.1551,74.7282
PCHannum,indiv_36,69.6061,69.5532,0.0529,0.0529,69.5796
PhenoAge,indiv_01,52.2932,56.8352,-4.5421,4.5421,54.5642
PhenoAge,indiv_02,41.0587,43.3085,-2.2498,2.2498,42.1836
PhenoAge,indiv_03,43.5446,41.1884,2.3562,2.3562,42.3665
PhenoAge,indiv_04,43.967,41.9822,1.9848,1.9848,42.9746
PhenoAge,indiv_05,39.4951,46.9458,-7.4507,7.4507,43.2205
PhenoAge,indiv_06,46.2909,46.1475,0.1434,0.1434,46.2192
PhenoAge,indiv_07,58.3522,58.8728,-0.5206,0.5206,58.6125
PhenoAge,indiv_08,47.7135,48.9963,-1.2828,1.2828,48.3549
PhenoAge,indiv_09,56.4306,61.6761,-5.2455,5.2455,59.0533
PhenoAge,indiv_10,29.1691,36.3533,-7.1842,7.1842,32.7612
PhenoAge,indiv_11,50.7697,53.8541,-3.0844,3.0844,52.3119
PhenoAge,indiv_12,45.8734,39.8149,6.0585,6.0585,42.8441
PhenoAge,indiv_13,69.9636,66.2689,3.6947,3.6947,68.1163
PhenoAge,indiv_14,43.2816,48.8331,-5.5515,5.5515,46.0573
PhenoAge,indiv_15,47.687,46.4866,1.2004,1.2004,47.0868
PhenoAge,indiv_16,34.4199,36.6979,-2.2779,2.2779,35.5589
PhenoAge,indiv_17,30.1031,33.1326,-3.0295,3.0295,31.6179
PhenoAge,indiv_18,44.2651,43.3528,0.9123,0.9123,43.8089
PhenoAge,indiv_19,53.7485,52.4031,1.3454,1.3454,53.0758
PhenoAge,indiv_20,46.5626,48.8201,-2.2575,2.2575,47.6913
PhenoAge,indiv_21,48.6028,44.0529,4.5499,4.5499,46.3278
PhenoAge,indiv_22,47.7506,41.3444,6.4063,6.4063,44.5475
PhenoAge,indiv_23,42.2178,41.2411,0.9767,0.9767,41.7295
PhenoAge,indiv_24,47.0989,55.6805,-8.5816,8.5816,51.3897
PhenoAge,indiv_25,61.8584,60.4845,1.3739,1.3739,61.1715
PhenoAge,indiv_26,28.2151,30.4522,-2.2371,2.2371,29.3336
PhenoAge,indiv_27,60.9054,55.7856,5.1198,5.1198,58.3455
PhenoAge,indiv_28,44.4619,38.5498,5.9121,5.9121,41.5058
PhenoAge,indiv_29,49.8151,49.9342,-0.1191,0.1191,49.8747
PhenoAge,indiv_30,68.9556,68.2401,0.7155,0.7155,68.5979
PhenoAge,indiv_31,56.7081,59.2078,-2.4997,2.4997,57.9579
PhenoAge,indiv_32,54.3435,49.5962,4.7472,4.7472,51.9699
PhenoAge,indiv_33,43.8805,47.2429,-3.3624,3.3624,45.5617
PhenoAge,indiv_34,41.0011,41.9631,-0.9621,0.9621,41.4821
PhenoAge,indiv_35,49.9179,54.8263,-4.9083,4.9083,52.3721
PhenoAge,indiv_36,63.589,62.7836,0.8054,0.8054,63.1863
PCPhenoAge,indiv_01,48.1647,46.9786,1.186,1.186,47.5717
PCPhenoAge,indiv_02,43.0405,43.4032,-0.3627,0.3627,43.2219
PCPhenoAge,indiv_03,44.0685,43.4443,0.6242,0.6242,43.7564
PCPhenoAge,indiv_04,49.6732,49.0017,0.6715,0.6715,49.3374
PCPhenoAge,indiv_05,45.3714,45.4726,-0.1012,0.1012,45.422
PCPhenoAge,indiv_06,57.4651,56.8758,0.5893,0.5893,57.1705
PCPhenoAge,indiv_07,59.4362,60.3138,-0.8776,0.8776,59.875
PCPhenoAge,indiv_08,50.1005,50.2884,-0.1879,0.1879,50.1944
PCPhenoAge,indiv_09,57.1232,57.049,0.0742,0.0742,57.0861
PCPhenoAge,indiv_10,37.3854,36.9097,0.4758,0.4758,37.1475
PCPhenoAge,indiv_11,51.5216,52.2041,-0.6825,0.6825,51.8628
PCPhenoAge,indiv_12,46.635,46.0244,0.6106,0.6106,46.3297
PCPhenoAge,indiv_13,72.2266,73.3326,-1.1059,1.1059,72.7796
PCPhenoAge,indiv_14,49.8791,50.4533,-0.5742,0.5742,50.1662
PCPhenoAge,indiv_15,53.319,51.9141,1.4048,1.4048,52.6165
PCPhenoAge,indiv_16,40.4694,41.3346,-0.8651,0.8651,40.902
PCPhenoAge,indiv_17,38.4243,39.1266,-0.7023,0.7023,38.7755
PCPhenoAge,indiv_18,48.7129,48.9078,-0.1948,0.1948,48.8104
PCPhenoAge,indiv_19,55.5517,55.0678,0.4839,0.4839,55.3097
PCPhenoAge,indiv_20,49.9746,50.4184,-0.4438,0.4438,50.1965
PCPhenoAge,indiv_21,50.8108,50.7724,0.0384,0.0384,50.7916
PCPhenoAge,indiv_22,49.9688,51.46,-1.4913,1.4913,50.7144
PCPhenoAge,indiv_23,53.4538,52.7325,0.7213,0.7213,53.0932
PCPhenoAge,indiv_24,55.2324,54.3415,0.8909,0.8909,54.787
PCPhenoAge,indiv_25,59.6191,59.7472,-0.1281,0.1281,59.6832
PCPhenoAge,indiv_26,37.7357,37.6923,0.0434,0.0434,37.714
PCPhenoAge,indiv_27,61.3743,60.1016,1.2727,1.2727,60.738
PCPhenoAge,indiv_28,46.161,45.7482,0.4128,0.4128,45.9546
PCPhenoAge,indiv_29,54.6558,56.2228,-1.567,1.567,55.4393
PCPhenoAge,indiv_30,66.8494,67.4004,-0.551,0.551,67.1249
PCPhenoAge,indiv_31,64.7289,65.0257,-0.2968,0.2968,64.8773
PCPhenoAge,indiv_32,52.8581,53.1722,-0.3141,0.3141,53.0152
PCPhenoAge,indiv_33,49.353,49.2577,0.0954,0.0954,49.3054
PCPhenoAge,indiv_34,45.7953,45.1262,0.669,0.669,45.4607
PCPhenoAge,indiv_35,66.2853,65.4322,0.8532,0.8532,65.8587
PCPhenoAge,indiv_36,62.252,62.5508,-0.2988,0.2988,62.4014
GrimAge,indiv_01,59.1626,57.7535,1.4092,1.4092,58.4581
GrimAge,indiv_02,49.0715,49.6091,-0.5377,0.5377,49.3403
GrimAge,indiv_03,49.0309,50.6262,-1.5953,1.5953,49.8285
GrimAge,indiv_04,54.2216,54.7847,-0.5631,0.5631,54.5031
GrimAge,indiv_05,58.3892,60.7418,-2.3526,2.3526,59.5655
GrimAge,indiv_06,60.6918,60.8012,-0.1094,0.1094,60.7465
GrimAge,indiv_07,64.5937,64.3458,0.2479,0.2479,64.4697
GrimAge,indiv_08,56.8099,57.6436,-0.8337,0.8337,57.2268
GrimAge,indiv_09,58.8534,58.8748,-0.0215,0.0215,58.8641
GrimAge,indiv_10,44.2906,43.7582,0.5325,0.5325,44.0244
GrimAge,indiv_11,54.1505,54.0746,0.0759,0.0759,54.1126
GrimAge,indiv_12,47.8595,47.9328,-0.0732,0.0732,47.8961
GrimAge,indiv_13,56.6978,58.8549,-2.1572,2.1572,57.7763
GrimAge,indiv_14,50.5576,51.6515,-1.0938,1.0938,51.1046
GrimAge,indiv_15,60.7529,58.3257,2.4272,2.4272,59.5393
GrimAge,indiv_16,43.404,42.9251,0.4788,0.4788,43.1646
GrimAge,indiv_17,41.3481,43.1371,-1.789,1.789,42.2426
GrimAge,indiv_18,60.4311,60.6835,-0.2524,0.2524,60.5573
GrimAge,indiv_19,57.1839,59.1543,-1.9705,1.9705,58.1691
GrimAge,indiv_20,51.4442,51.1746,0.2695,0.2695,51.3094
GrimAge,indiv_21,48.1626,47.2428,0.9198,0.9198,47.7027
GrimAge,indiv_22,57.5043,59.0921,-1.5878,1.5878,58.2982
GrimAge,indiv_23,50.7003,51.6648,-0.9644,0.9644,51.1826
GrimAge,indiv_24,55.2048,55.2659,-0.0611,0.0611,55.2354
GrimAge,indiv_25,61.6444,62.5879,-0.9434,0.9434,62.1161
GrimAge,indiv_26,46.1981,45.5147,0.6834,0.6834,45.8564
GrimAge,indiv_27,65.2732,64.1226,1.1506,1.1506,64.6979
GrimAge,indiv_28,48.2252,46.8532,1.372,1.372,47.5392
GrimAge,indiv_29,54.5295,56.4086,-1.8791,1.8791,55.469
GrimAge,indiv_30,68.72,68.4456,0.2744,0.2744,68.5828
GrimAge,indiv_31,72.581,72.737,-0.1559,0.1559,72.659
GrimAge,indiv_32,57.8845,59.5869,-1.7024,1.7024,58.7357
GrimAge,indiv_33,62.4962,62.1866,0.3096,0.3096,62.3414
GrimAge,indiv_34,53.4427,51.1694,2.2733,2.2733,52.3061
GrimAge,indiv_35,75.5286,73.2435,2.2851,2.2851,74.3861
GrimAge,indiv_36,76.9297,77.9412,-1.0115,1.0115,77.4355
PCGrimAge,indiv_01,68.2595,67.854,0.4054,0.4054,68.0567
PCGrimAge,indiv_02,58.9379,59.8538,-0.9159,0.9159,59.3958
PCGrimAge,indiv_03,58.3469,58.3809,-0.0341,0.0341,58.3639
PCGrimAge,indiv_04,63.7279,63.6373,0.0905,0.0905,63.6826
PCGrimAge,indiv_05,65.2442,66.5301,-1.2859,1.2859,65.8872
PCGrimAge,indiv_06,67.2913,66.9457,0.3456,0.3456,67.1185
PCGrimAge,indiv_07,73.6903,73.3569,0.3334,0.3334,73.5236
PCGrimAge,indiv_08,66.5006,66.9555,-0.4548,0.4548,66.728
PCGrimAge,indiv_09,70.8602,70.7252,0.1349,0.1349,70.7927
PCGrimAge,indiv_10,53.2028,53.9974,-0.7946,0.7946,53.6001
PCGrimAge,indiv_11,64.261,64.5902,-0.3292,0.3292,64.4256
PCGrimAge,indiv_12,58.4742,58.3723,0.102,0.102,58.4233
PCGrimAge,indiv_13,68.7339,68.9345,-0.2007,0.2007,68.8342
PCGrimAge,indiv_14,63.5065,64.0533,-0.5468,0.5468,63.7799
PCGrimAge,indiv_15,68.2767,67.8077,0.469,0.469,68.0422
PCGrimAge,indiv_16,55.0937,55.2673,-0.1736,0.1736,55.1805
PCGrimAge,indiv_17,52.0304,51.8927,0.1377,0.1377,51.9616
PCGrimAge,indiv_18,67.8562,68.2193,-0.363,0.363,68.0377
PCGrimAge,indiv_19,68.5817,69.0146,-0.4329,0.4329,68.7981
PCGrimAge,indiv_20,60.378,61.3417,-0.9637,0.9637,60.8599
PCGrimAge,indiv_21,55.9898,55.9369,0.0528,0.0528,55.9634
PCGrimAge,indiv_22,65.0607,65.7298,-0.6691,0.6691,65.3953
PCGrimAge,indiv_23,62.8416,62.8764,-0.0348,0.0348,62.859
PCGrimAge,indiv_24,64.6577,64.4283,0.2294,0.2294,64.543
PCGrimAge,indiv_25,72.8085,73.0084,-0.1998,0.1998,72.9084
PCGrimAge,indiv_26,56.3254,55.6678,0.6577,0.6577,55.9966
PCGrimAge,indiv_27,74.9073,74.9498,-0.0424,0.0424,74.9285
PCGrimAge,indiv_28,57.1799,57.2167,-0.0367,0.0367,57.1983
PCGrimAge,indiv_29,64.207,65.2422,-1.0352,1.0352,64.7246
PCGrimAge,indiv_30,79.6902,80.3857,-0.6955,0.6955,80.0379
PCGrimAge,indiv_31,79.8545,80.0685,-0.214,0.214,79.9615
PCGrimAge,indiv_32,71.1718,70.936,0.2358,0.2358,71.0539
PCGrimAge,indiv_33,69.4609,69.8304,-0.3695,0.3695,69.6457
PCGrimAge,indiv_34,61.5821,61.8188,-0.2366,0.2366,61.7005
PCGrimAge,indiv_35,81.8937,82.3539,-0.4601,0.4601,82.1238
PCGrimAge,indiv_36,81.1548,81.315,-0.1602,0.1602,81.2349
